id,cliente_nome,cliente_pais,pedido_data,pedido_valor
1,Fredia,Russia,2022-03-06,51459.5
2,Care,Russia,2021-08-13,45097.5
3,Lani,Pakistan,2022-04-25,8177.03
4,Liesa,Palau,2022-02-16,87906.57
5,Shirl,Mexico,2021-10-02,23795.32
6,Shay,Portugal,2021-08-06,20280.4
7,Winny,China,2022-05-07,52907.54
8,Cornelius,Russia,2022-01-20,79114.67
9,Tiffani,France,2021-10-30,21844.41
10,Jerrome,China,2021-07-03,11020.6
11,Lilah,China,2022-01-02,51162.66
12,Gaylord,Republic of the Congo,2021-05-29,93728.81
13,Reece,Japan,2021-10-24,75624.25
14,Zaneta,China,2021-08-07,46213.3
15,Wallis,Indonesia,2021-11-18,2146.47
16,Blayne,China,2022-01-31,55220.97
17,Joyann,China,2021-08-10,38856.61
18,Decca,Honduras,2022-03-10,82891.75
19,Isabella,Philippines,2021-12-10,31941.19
20,Deeyn,Peru,2021-11-05,51078.41
21,Janka,Russia,2022-05-05,54305.75
22,Kirsteni,Sweden,2021-09-20,44511.61
23,Mikel,Spain,2022-02-28,62125.1
24,Klaus,China,2021-06-08,80361.52
25,Goldie,China,2021-12-31,58762.44
26,Yoshiko,Russia,2022-05-06,39715.86
27,Eleanora,China,2022-04-09,20064.07
28,Paulette,China,2021-09-17,98880.25
29,Laurice,Mexico,2022-02-09,7902.22
30,Shani,Ukraine,2021-07-23,59389.46
31,Claus,Czech Republic,2022-01-13,99836.3
32,Jennie,Russia,2022-04-15,45513.04
33,Isabelle,Zimbabwe,2022-04-25,54002.43
34,Dorris,France,2022-01-30,29306.16
35,Giacinta,China,2022-01-05,40905.19
36,Belva,Russia,2022-03-01,36521.36
37,Seymour,Afghanistan,2021-07-20,47385.45
38,Ellwood,China,2022-01-08,16545.53
39,Shawna,Burkina Faso,2021-11-23,72695.3
40,Rozella,Indonesia,2022-01-06,99878.18
41,Lorilee,Ukraine,2022-02-19,54210.47
42,Eleanor,Indonesia,2021-09-17,33313.21
43,Aridatha,Portugal,2022-02-20,79072.18
44,Hildagarde,Germany,2021-10-07,93137.36
45,Franciska,China,2021-09-20,66162.2
46,Linnea,China,2021-10-20,47133.32
47,Celene,United States,2021-10-04,33799.64
48,Shelby,Afghanistan,2021-07-07,36307.0
49,Ardys,Indonesia,2021-11-02,10207.4
50,Ozzie,Portugal,2021-09-23,15959.74
51,Belicia,United States,2021-08-29,95712.86
52,Barnett,Russia,2021-09-21,18485.52
53,Rebeka,Colombia,2021-12-28,62832.44
54,Alva,Palau,2022-01-23,62978.15
55,Deina,Colombia,2021-07-05,18743.09
56,Blythe,France,2021-11-06,57410.95
57,Adara,Japan,2021-08-25,61363.15
58,Elfrieda,China,2021-11-11,26360.91
59,Veradis,Brazil,2021-10-20,57103.23
60,Lezley,Philippines,2021-12-06,98603.66
61,Emiline,Peru,2021-12-24,27269.27
62,Ketti,Ukraine,2022-02-18,38859.63
63,Misti,Japan,2021-06-14,48354.45
64,Hermy,Bosnia and Herzegovina,2022-01-17,96258.97
65,Grata,China,2021-07-19,20936.14
66,Teresita,Indonesia,2022-01-01,70660.83
67,Arlinda,Japan,2021-12-31,89136.11
68,Janaye,China,2022-05-08,53881.6
69,Stepha,China,2021-07-20,31191.0
70,Giacopo,Poland,2021-11-05,17473.99
71,Sheena,China,2021-07-28,99966.61
72,Biron,Dominican Republic,2022-04-03,11230.29
73,Truman,Argentina,2022-05-14,41159.33
74,Chrissie,Sweden,2022-04-18,20675.96
75,Rianon,Canada,2021-11-12,345.46
76,Enrique,South Korea,2021-08-24,77311.39
77,Ellissa,United States,2021-06-24,78741.38
78,Vallie,Sweden,2021-11-04,12149.13
79,Cymbre,Indonesia,2021-11-25,2475.18
80,Marlie,Myanmar,2021-07-13,82585.64
81,Rog,Russia,2022-02-28,79351.29
82,Helenka,Poland,2022-01-08,99519.3
83,Elfrida,Indonesia,2022-02-24,55476.91
84,Allyce,Czech Republic,2021-10-23,30048.55
85,Shelbi,Japan,2022-05-03,41993.2
86,Lyon,Ukraine,2021-10-05,91012.71
87,Hercule,Panama,2021-10-20,89706.2
88,Blinny,United States,2021-10-22,88292.22
89,Damara,Brazil,2022-01-11,53729.85
90,Bert,Tanzania,2022-04-20,98769.35
91,Lira,South Korea,2021-12-18,62897.43
92,Ev,Brazil,2022-01-28,90037.75
93,Hersh,China,2021-06-05,49258.39
94,Jeanie,Philippines,2022-02-28,96415.58
95,Darlleen,Poland,2022-02-27,78264.15
96,Bertha,Russia,2021-06-07,91195.0
97,Cly,Indonesia,2022-05-01,19834.16
98,Barnabas,Indonesia,2022-03-14,65537.02
99,Domeniga,Indonesia,2021-10-23,31383.25
100,Madelene,Japan,2022-04-25,90649.49
101,Brock,Peru,2021-08-14,15967.53
102,Wat,Russia,2022-03-07,14287.13
103,Frederik,Poland,2021-08-25,73622.23
104,Shelia,Philippines,2022-03-20,78891.38
105,Vittorio,Canada,2022-03-16,97510.81
106,Dewitt,Indonesia,2022-04-19,55665.22
107,Lars,Canada,2022-02-21,73511.3
108,Humfried,Sweden,2021-06-15,62218.11
109,Wallie,Morocco,2022-04-18,9379.16
110,Abbott,Latvia,2021-06-19,81818.3
111,Lorena,Philippines,2022-03-01,81161.17
112,Hersh,Egypt,2021-07-19,19238.69
113,Inge,Poland,2021-09-21,5310.81
114,Goldy,Lithuania,2021-09-30,49968.96
115,Lay,Philippines,2022-04-16,2055.15
116,Carny,Yemen,2021-05-30,76144.45
117,Adrienne,China,2022-01-02,57476.65
118,Sawyere,Colombia,2021-06-14,89374.47
119,Roz,Costa Rica,2021-10-21,53701.96
120,Consuela,Venezuela,2021-11-04,31717.22
121,Ingra,Vietnam,2021-08-14,74717.65
122,Oswald,Russia,2022-05-03,53936.75
123,Shane,Argentina,2021-05-20,63826.67
124,Loise,Brazil,2021-11-15,29956.54
125,Kerianne,Sweden,2022-02-10,69655.66
126,Dalis,Bosnia and Herzegovina,2022-02-14,28104.22
127,Jemima,Philippines,2022-03-05,88814.57
128,Joyce,Russia,2021-11-17,66122.3
129,Jarred,Afghanistan,2022-01-19,96057.03
130,Ingemar,Japan,2021-07-28,6906.16
131,Tabbatha,Russia,2021-08-23,27473.33
132,Celle,China,2021-09-08,34222.32
133,Neill,China,2021-05-27,61955.36
134,Arlen,Russia,2022-05-04,75943.15
135,Patten,Indonesia,2022-04-26,56368.83
136,Giorgi,Finland,2021-05-23,47067.74
137,Georgy,Philippines,2021-11-16,48350.54
138,Tome,Peru,2022-03-02,18372.4
139,Llewellyn,Ukraine,2022-01-01,51458.76
140,Minnaminnie,Canada,2021-12-01,59147.89
141,Karlis,Portugal,2021-11-22,52089.84
142,Andrej,Bulgaria,2021-07-21,34463.26
143,Winfred,Argentina,2022-02-21,48983.65
144,Lolly,Philippines,2021-08-01,61901.69
145,Ram,Portugal,2021-10-14,56521.92
146,Humfried,Armenia,2022-01-02,58459.4
147,Tully,Philippines,2021-09-18,90258.16
148,Verla,Indonesia,2021-12-06,82745.02
149,Leanor,Russia,2021-06-20,55319.59
150,Shannan,China,2021-07-28,98539.4
151,Addie,Russia,2022-01-13,63286.02
152,Modestia,China,2022-03-23,55024.92
153,Corilla,China,2021-05-25,43453.27
154,Andros,Philippines,2022-01-26,14692.51
155,Artemus,Palestinian Territory,2022-02-04,74889.17
156,Britteny,Russia,2021-09-11,10493.18
157,Aubrey,Russia,2021-09-10,57273.04
158,Kendell,China,2021-11-13,85724.18
159,Claudia,United States,2022-04-30,58202.31
160,Tye,Indonesia,2022-05-15,92283.91
161,Trudey,Bolivia,2021-05-28,16846.75
162,Kearney,China,2022-02-03,30334.65
163,Dorthea,China,2021-11-03,336.54
164,Anatol,Philippines,2021-12-04,16168.29
165,Randell,Ukraine,2021-10-07,96447.76
166,Fina,Russia,2021-11-17,75188.88
167,Eliot,South Africa,2022-04-25,15504.17
168,Hailee,Portugal,2022-03-05,55814.93
169,Martie,Panama,2021-09-14,79802.29
170,Janith,Spain,2021-10-27,25052.29
171,Dar,Indonesia,2021-10-25,63097.83
172,Marchall,Armenia,2021-12-01,17427.17
173,Cleo,Mongolia,2022-03-26,71587.3
174,King,New Zealand,2022-05-02,47227.21
175,Salvidor,China,2022-03-10,91831.44
176,Didi,Maldives,2022-02-28,757.1
177,Mikey,Portugal,2021-10-12,97691.42
178,Lizzie,Philippines,2022-05-09,83618.53
179,Addy,Indonesia,2021-12-01,82880.94
180,Margarita,China,2021-11-08,58382.38
181,Eilis,Peru,2022-01-20,50278.66
182,Hildegaard,China,2021-07-27,42694.27
183,Selma,Russia,2021-06-22,5632.91
184,Corny,Russia,2021-07-21,20246.43
185,Cherlyn,Sweden,2021-06-27,91425.6
186,Sherwin,Poland,2022-03-15,18866.12
187,Bryan,Indonesia,2022-01-22,38654.54
188,Blondelle,Czech Republic,2022-03-04,31468.15
189,Alix,Brazil,2022-04-19,39210.53
190,Evita,Albania,2022-04-15,32279.19
191,Erin,Kazakhstan,2021-06-07,27903.57
192,Allissa,United States,2021-10-29,68096.81
193,Cindie,China,2021-07-29,91264.51
194,Kalie,China,2021-09-15,7744.44
195,Doloritas,Kazakhstan,2021-08-26,57496.64
196,Aeriela,Russia,2021-11-13,87862.06
197,Aleksandr,Canada,2022-03-10,2013.97
198,Carleton,South Africa,2022-02-12,74207.96
199,Sancho,Russia,2021-08-30,38986.46
200,Janel,Ukraine,2021-07-28,64163.19
201,Sanders,Indonesia,2022-01-06,67715.83
202,Alexis,Indonesia,2021-06-14,39288.15
203,Gray,Finland,2022-04-16,34365.19
204,Billie,China,2021-07-30,30618.17
205,Alfred,Czech Republic,2021-10-12,48443.65
206,Alfi,Kazakhstan,2021-09-13,81376.11
207,Cordi,Canada,2021-12-05,97848.34
208,Vivyan,Brazil,2022-04-15,9696.36
209,Lidia,Philippines,2021-10-06,34327.15
210,Cristin,China,2021-08-08,61974.96
211,Olivie,Ireland,2021-11-04,72825.77
212,Elnore,Uruguay,2022-04-14,24328.76
213,Terri,China,2022-05-14,63627.12
214,Serena,Philippines,2021-12-13,43610.8
215,Pattie,Philippines,2021-12-27,56267.12
216,Wain,Turkmenistan,2021-05-29,29335.96
217,Dacia,China,2022-01-22,52298.46
218,Kendra,Belarus,2021-11-06,65660.83
219,Catha,Colombia,2021-10-28,84267.28
220,Tallou,Greece,2021-12-06,85472.8
221,Lonnie,China,2021-09-21,84064.92
222,Wilow,China,2022-02-07,97974.71
223,Amata,Brazil,2021-10-01,71206.48
224,Aretha,Brazil,2021-10-13,81365.27
225,Corene,Brazil,2022-03-11,50491.99
226,Chic,Indonesia,2021-10-12,74863.0
227,Wilbert,United States,2022-01-23,43585.9
228,Jobyna,Armenia,2022-04-13,77663.52
229,Timothea,Philippines,2021-08-23,67641.66
230,Yurik,Russia,2022-04-12,95364.17
231,Agathe,Germany,2022-02-25,48338.51
232,Hestia,Russia,2022-04-29,94719.53
233,Maxine,Thailand,2022-03-02,93223.67
234,Elias,Morocco,2021-12-18,51746.56
235,Theodor,Japan,2022-05-14,81414.68
236,Petey,China,2021-11-16,92364.78
237,Zondra,China,2021-11-26,20746.56
238,Marcile,Belgium,2021-06-18,6025.29
239,Hamel,China,2021-12-11,79280.51
240,Pauly,Greece,2021-11-07,47153.1
241,Morgun,Indonesia,2021-07-31,43784.62
242,Hammad,Ireland,2021-09-18,83134.96
243,Delia,South Africa,2022-03-04,62040.7
244,Bord,China,2022-03-09,83057.98
245,Vachel,France,2022-03-06,97491.07
246,Miof mela,China,2021-12-23,78137.07
247,Brady,Poland,2021-12-24,94276.93
248,Bernarr,Bosnia and Herzegovina,2022-03-21,16753.05
249,Alano,Mongolia,2021-09-29,10321.52
250,Krystal,Poland,2021-11-28,78648.71
251,Kylila,Luxembourg,2021-12-29,33775.69
252,Mable,China,2022-02-13,55199.72
253,Johan,Indonesia,2021-06-01,91560.5
254,Odey,China,2022-01-26,78466.45
255,Brinna,Poland,2021-09-16,75607.84
256,Sayers,Denmark,2022-02-15,78829.55
257,Curtis,China,2021-11-17,56562.38
258,Jamison,Lithuania,2022-05-02,97032.08
259,Lorens,Ukraine,2021-06-25,17975.97
260,Keelby,China,2021-11-20,38090.49
261,Reinhold,Paraguay,2021-10-14,3766.26
262,Bonni,Indonesia,2022-04-17,6535.55
263,Patten,China,2022-01-02,20685.62
264,Jedd,France,2021-07-26,75126.21
265,Gerry,Portugal,2021-08-07,37471.65
266,Eadmund,China,2021-08-08,26563.04
267,Ansley,Greece,2021-07-31,60529.24
268,Gus,Finland,2022-05-01,1634.74
269,Lina,Czech Republic,2022-01-10,99703.2
270,Dee,Jamaica,2021-09-14,5853.16
271,Gloria,Philippines,2022-01-03,40459.64
272,Aura,Austria,2021-09-16,15993.38
273,Alessandra,Czech Republic,2022-04-04,2476.37
274,Archibold,China,2021-08-19,25175.14
275,Addie,Peru,2021-09-22,17550.66
276,Edee,Sweden,2021-08-05,48449.02
277,Forest,United States,2022-04-19,25228.26
278,Lamar,Indonesia,2021-12-05,47089.72
279,Waverly,Brazil,2021-10-07,4148.33
280,Jard,Indonesia,2021-07-17,36441.37
281,Westley,Mexico,2022-03-02,63249.81
282,Lee,Russia,2021-07-15,66505.92
283,Hestia,Sweden,2021-07-21,6888.36
284,Brandy,China,2021-09-26,80250.73
285,Janella,China,2021-08-19,38988.93
286,Maritsa,Syria,2022-01-14,42137.56
287,Jesselyn,Czech Republic,2021-06-12,60562.43
288,Myca,Tunisia,2021-12-31,98430.02
289,Isadora,China,2021-06-21,34887.58
290,D'arcy,China,2021-08-03,96385.63
291,Nappy,China,2021-10-14,7304.17
292,Cristabel,China,2021-09-16,37182.35
293,Yehudit,China,2021-11-10,58116.1
294,Cary,Indonesia,2021-10-19,89157.91
295,Marabel,Poland,2021-12-08,23882.14
296,Melvyn,Bolivia,2021-12-05,73695.0
297,Anjanette,Guatemala,2021-10-15,43713.5
298,Georgeanne,Iran,2021-06-09,3461.75
299,Ruthann,Macedonia,2022-03-05,2478.44
300,Benedetto,Azerbaijan,2021-10-28,41307.85
301,Giulia,Cuba,2022-04-27,85427.91
302,Mira,Philippines,2021-08-09,80706.77
303,Star,Gambia,2021-10-04,39029.18
304,Cynthia,Dominican Republic,2022-02-26,79867.17
305,Winifred,Sweden,2021-08-06,51947.84
306,Cash,France,2022-02-07,76253.38
307,Mirabella,Indonesia,2021-10-18,12986.82
308,Caitlin,France,2022-02-04,39564.28
309,Rosaline,Philippines,2022-02-13,99058.31
310,Velma,Indonesia,2021-09-11,86098.43
311,Meghann,Malaysia,2021-08-10,57261.38
312,Perle,Slovenia,2021-08-07,79883.36
313,Alleen,Germany,2021-05-21,12501.42
314,Freda,France,2021-10-31,2809.96
315,Johnette,Japan,2021-07-26,62503.81
316,Moira,China,2021-08-13,62152.08
317,Nonie,China,2021-07-11,69868.95
318,Hersh,Poland,2021-08-13,27156.99
319,Dorian,China,2021-05-20,97324.81
320,Danya,Democratic Republic of the Congo,2022-04-14,56036.8
321,Silvanus,Australia,2021-08-24,6600.47
322,Domenic,China,2022-05-04,84428.08
323,Kania,Afghanistan,2021-12-09,58470.79
324,Jojo,China,2022-03-15,56949.49
325,Chicky,Indonesia,2021-10-22,717.38
326,Ardelle,China,2021-08-28,78748.36
327,Salmon,Colombia,2021-12-20,78505.76
328,Catlee,Malaysia,2022-02-15,50043.58
329,Rosamund,Sri Lanka,2022-03-03,57655.29
330,Ellswerth,China,2021-11-01,21514.79
331,Staford,United States,2022-02-14,55952.61
332,Averill,United States,2021-09-13,93014.77
333,Meredith,Philippines,2022-02-23,74967.61
334,Geneva,China,2022-03-14,8785.98
335,Gracia,China,2022-01-24,92524.27
336,Ernesta,Mexico,2021-07-18,40949.6
337,Cherise,China,2021-10-11,23112.78
338,Arvin,Ivory Coast,2021-09-17,13112.19
339,Robby,Equatorial Guinea,2022-03-11,62507.03
340,Maximilianus,China,2021-09-16,76845.11
341,Thornton,France,2022-01-11,8744.16
342,Twyla,Indonesia,2021-11-28,33967.34
343,Cherish,Moldova,2021-10-16,4757.34
344,Eal,Ukraine,2022-03-15,83522.4
345,Liva,Greece,2021-09-30,13452.8
346,Lisabeth,Philippines,2022-01-15,3201.23
347,Mac,Thailand,2021-07-03,37205.79
348,Feliza,China,2021-09-16,99075.68
349,Crissie,China,2022-03-08,74100.32
350,Eliot,Philippines,2021-05-21,89043.43
351,Dag,Indonesia,2021-05-29,46460.96
352,Ladonna,Indonesia,2021-06-14,96578.15
353,Claudianus,Philippines,2021-08-12,83306.49
354,Charity,United States,2022-01-11,84766.33
355,Stephie,Cyprus,2022-01-21,69933.89
356,Filberto,Malta,2022-02-04,29174.21
357,Henrik,Russia,2022-01-07,92629.54
358,Carlene,Czech Republic,2021-11-28,13484.99
359,Luisa,Ukraine,2021-11-15,30372.22
360,Addia,Indonesia,2021-05-28,84646.42
361,Renata,Guatemala,2022-04-28,95964.8
362,Marji,South Korea,2021-12-02,64086.51
363,Shem,Russia,2021-06-19,18692.13
364,Briano,Vietnam,2022-02-10,88773.8
365,Curcio,Peru,2021-10-04,20130.84
366,Eadith,Czech Republic,2022-01-23,991.54
367,Sigmund,Poland,2022-04-04,160.91
368,Marney,China,2021-07-19,23982.86
369,Nolan,Indonesia,2021-07-31,89345.93
370,Goraud,United States,2021-05-31,45234.17
371,Donnajean,China,2021-05-22,22915.52
372,Wynny,Niger,2021-11-06,82325.81
373,Rip,Poland,2021-09-03,95360.07
374,Morlee,Pakistan,2021-07-10,78621.31
375,Corilla,Philippines,2022-04-17,62657.5
376,Salomi,Uganda,2021-07-15,48633.66
377,Verney,Greece,2021-09-16,973.97
378,Benedetto,Greece,2022-02-26,13439.16
379,Matilda,Philippines,2022-03-22,36126.9
380,Honor,Indonesia,2021-06-14,43586.74
381,Greggory,Venezuela,2021-06-13,44371.12
382,Lisle,Bulgaria,2022-04-09,88048.36
383,Novelia,China,2021-12-24,79512.97
384,Jarrett,France,2022-05-07,11717.94
385,Veronike,Ukraine,2021-07-17,39364.77
386,Eleanor,China,2022-01-01,99432.85
387,Ardis,Myanmar,2021-07-16,8187.64
388,Tymothy,Canada,2021-08-01,21778.1
389,Karlik,United States,2021-06-20,4632.36
390,Davita,Indonesia,2021-12-29,2559.57
391,Hodge,Bulgaria,2022-01-11,55902.82
392,Nike,United States,2021-05-19,11973.28
393,Cristin,New Zealand,2021-12-02,40395.62
394,Alexis,Sweden,2021-12-03,55728.69
395,Percy,Indonesia,2021-06-17,20271.36
396,Cyndia,United States,2021-12-05,92327.01
397,Sydel,Philippines,2022-01-29,74993.72
398,Mariette,Philippines,2021-05-29,41405.85
399,Lowe,Argentina,2022-04-15,75958.09
400,Wini,Russia,2022-02-16,79356.93
401,Jamie,Serbia,2022-03-26,34571.49
402,Brit,Philippines,2022-03-25,90986.29
403,Baryram,Germany,2021-09-09,51743.81
404,Gayle,Syria,2022-03-15,7838.44
405,Giacomo,Panama,2021-12-15,53887.06
406,Jeanine,China,2021-10-18,76027.07
407,Vikky,Portugal,2022-01-18,17799.63
408,Duky,Russia,2022-04-02,44870.83
409,Bent,China,2021-05-19,80682.69
410,Ingeborg,Burkina Faso,2022-05-03,60076.17
411,Gerta,Indonesia,2021-07-12,52364.21
412,Celene,Serbia,2021-07-19,74064.79
413,Mic,Czech Republic,2022-01-19,88476.68
414,Yasmeen,Portugal,2021-09-23,57659.41
415,Leonard,Tajikistan,2021-07-27,238.28
416,Erich,Russia,2022-04-28,21054.64
417,Rafaelia,Ireland,2021-07-16,5659.61
418,Ermengarde,Russia,2021-11-29,94123.87
419,Minda,Mexico,2022-05-08,17156.28
420,Roth,Poland,2021-11-30,80218.61
421,Kerrill,Russia,2021-06-30,23450.36
422,Olivie,Indonesia,2022-04-30,19825.71
423,Mikkel,Poland,2022-01-10,85038.46
424,Elyse,China,2021-06-17,57957.58
425,Woodrow,China,2021-06-13,35624.33
426,Archaimbaud,Republic of the Congo,2022-01-05,61992.56
427,Torr,Russia,2022-03-26,78801.7
428,Cinda,Russia,2021-11-04,12888.95
429,Tamera,Belarus,2021-06-23,18094.43
430,Griswold,Russia,2021-06-26,57973.85
431,Dean,South Korea,2021-08-14,78527.99
432,Rosaleen,Thailand,2021-06-16,98278.95
433,Danielle,Cuba,2022-01-10,9499.94
434,Rachelle,China,2021-08-02,34681.99
435,Letti,China,2021-08-30,95629.82
436,Kimberlyn,Comoros,2021-09-16,88085.27
437,Moreen,Peru,2022-02-28,29107.56
438,Conrado,Canada,2021-11-19,66968.59
439,Renaldo,Russia,2022-02-07,97440.47
440,Rochester,South Africa,2021-11-22,86287.08
441,Gardner,Sweden,2021-12-01,45130.74
442,Miran,Belarus,2021-12-10,74749.88
443,Lilias,Portugal,2022-03-08,56341.47
444,Rosaleen,Netherlands,2022-03-13,39847.0
445,Alexi,Sweden,2022-04-29,25527.43
446,Carlita,Jamaica,2021-06-28,98108.46
447,Salli,Poland,2021-12-27,37963.54
448,Kristen,Poland,2021-12-15,65158.91
449,Mollee,Russia,2021-06-09,45022.73
450,Cesya,Bangladesh,2021-09-19,48291.56
451,Claresta,China,2022-05-07,61728.24
452,Adele,France,2021-11-09,79299.82
453,Bobbette,Indonesia,2022-01-20,78734.48
454,Chadwick,France,2021-08-13,90846.07
455,Pavlov,China,2021-05-20,23379.27
456,Nike,Portugal,2021-10-25,75749.05
457,Say,Tanzania,2021-11-13,94217.62
458,Emalee,Poland,2021-12-11,5348.14
459,Marlowe,Portugal,2022-03-28,55555.03
460,Umberto,Argentina,2021-10-28,27481.73
461,Mair,Syria,2022-03-08,57970.21
462,Mason,Thailand,2021-11-28,74643.54
463,Zacharias,China,2021-09-23,61939.79
464,Noella,Belarus,2022-04-16,58755.51
465,Joannes,Indonesia,2022-02-02,41115.76
466,Sharon,Brazil,2022-01-19,66658.4
467,Harman,Indonesia,2022-03-27,93853.04
468,Trudy,Indonesia,2021-11-03,42387.2
469,Gratiana,Poland,2021-07-01,53001.69
470,Roderigo,Syria,2021-08-04,92166.5
471,Rodd,Montenegro,2021-08-29,17144.46
472,Merridie,Palestinian Territory,2022-04-14,11807.8
473,Merline,Russia,2022-04-11,59250.09
474,Hyacinthe,United States,2021-10-07,39259.11
475,Irita,Poland,2021-06-26,24520.64
476,Ashien,Portugal,2021-06-29,18607.98
477,Denys,Russia,2021-08-07,50278.93
478,Elspeth,Estonia,2021-06-13,95485.84
479,Mord,Philippines,2022-03-08,36372.78
480,Ketti,China,2021-06-23,21153.54
481,Mohammed,Zambia,2021-09-01,43537.86
482,Terri-jo,Argentina,2021-10-12,19595.1
483,Alisander,Indonesia,2021-06-16,71708.85
484,Isidore,Uzbekistan,2021-06-08,2050.87
485,Olvan,Guinea,2021-08-06,74746.11
486,Haven,Vanuatu,2021-05-18,10848.86
487,Erena,Vietnam,2022-01-23,17197.58
488,Gracia,Ireland,2022-03-14,90276.18
489,Justinn,Yemen,2022-01-29,96185.92
490,Francklyn,Indonesia,2021-06-16,89769.56
491,Boycie,China,2021-07-14,13290.16
492,Dorry,Finland,2021-08-28,80309.28
493,Raimondo,Philippines,2021-06-18,46681.17
494,Jerrilyn,Greece,2022-03-20,35657.2
495,Cristian,Greece,2022-05-13,70734.22
496,Jerrome,Palestinian Territory,2022-02-11,21188.79
497,Smitty,Netherlands,2021-08-17,71973.06
498,Evangelia,Poland,2022-05-11,19435.19
499,Carolynn,Indonesia,2021-08-11,28790.72
500,Devan,China,2021-07-06,67755.41
501,Jacquelynn,Sweden,2021-07-27,44691.1
502,Rafi,China,2021-11-21,22186.25
503,Cross,Indonesia,2022-02-21,15372.22
504,Galvan,Brazil,2022-05-06,12994.24
505,Abigail,Ecuador,2021-08-02,60383.96
506,Corbet,Estonia,2021-07-08,60940.94
507,Selig,United States,2022-04-19,99202.1
508,Jeff,Portugal,2022-03-13,32924.32
509,Flori,Poland,2022-04-04,22146.16
510,Sylvan,Ecuador,2021-05-25,30697.8
511,Marshall,Indonesia,2022-03-07,42155.83
512,Edyth,Philippines,2021-09-07,97918.75
513,Mavra,France,2021-08-12,77282.76
514,Linet,Indonesia,2021-06-16,91495.69
515,Jeanie,China,2021-07-06,99754.08
516,Brenna,Slovenia,2022-02-19,10480.64
517,Jayme,Indonesia,2022-04-25,27677.95
518,Lennie,China,2022-01-18,94157.9
519,Wallie,Honduras,2021-12-12,99363.64
520,Celisse,Colombia,2022-03-16,57946.29
521,Shirleen,Philippines,2021-12-22,96925.42
522,Winslow,Nigeria,2021-11-01,98743.35
523,Diandra,Portugal,2021-11-07,29977.5
524,Barde,France,2022-01-03,32950.36
525,Donia,United States,2021-07-01,81196.07
526,Cozmo,Venezuela,2022-05-05,60998.47
527,Ulrich,Colombia,2021-08-22,50994.05
528,Luca,China,2021-06-10,49124.77
529,Rad,Philippines,2022-01-15,36928.73
530,Adelaida,Czech Republic,2021-09-10,3929.31
531,Aurelie,Poland,2021-12-03,20597.18
532,Obadiah,Indonesia,2022-04-19,67922.3
533,Nataniel,Vietnam,2022-02-13,60286.71
534,Lenee,China,2021-10-29,21240.25
535,Carey,China,2021-09-18,75175.3
536,Petr,China,2021-06-25,1336.12
537,Forrester,Indonesia,2021-06-24,54987.16
538,Merla,Philippines,2021-05-21,68751.46
539,Shannen,China,2022-01-25,3069.89
540,Cindelyn,Laos,2021-07-11,91796.11
541,Charmain,Poland,2021-08-23,49361.63
542,Alleyn,Poland,2021-09-10,80896.3
543,Milo,Gambia,2021-12-10,2118.53
544,Winifred,Poland,2021-07-21,24939.23
545,Mariam,Russia,2021-07-12,20938.7
546,Sorcha,Philippines,2021-12-19,2657.87
547,Dix,Namibia,2021-05-28,31804.39
548,Cyndi,Argentina,2021-11-30,79300.77
549,Jerrie,Indonesia,2022-04-20,74030.48
550,Polly,China,2022-02-16,40444.03
551,Mohandas,Indonesia,2022-02-11,77435.79
552,Micaela,Guinea,2022-01-29,85342.96
553,Blayne,Japan,2021-08-15,12577.86
554,Ari,Azerbaijan,2021-05-22,50044.71
555,Shandie,Uganda,2021-05-21,64990.85
556,Vincents,Marshall Islands,2021-05-27,12212.53
557,Patrice,China,2022-01-02,69866.07
558,Cale,Indonesia,2021-10-22,8247.45
559,Sharleen,Brazil,2021-08-23,16943.11
560,Esdras,Madagascar,2021-06-13,65970.56
561,Early,China,2021-10-07,913.26
562,Nomi,Yemen,2022-03-29,61459.14
563,Loy,Japan,2021-09-29,83105.23
564,Amy,Indonesia,2021-09-05,67508.82
565,Jermayne,Czech Republic,2022-04-07,2130.31
566,Leslie,Cameroon,2022-03-30,96327.27
567,Brett,Indonesia,2021-10-05,82006.97
568,Ronnie,China,2022-05-04,32654.03
569,Constance,China,2021-07-02,41050.12
570,Deina,China,2021-08-13,50785.23
571,Jazmin,South Africa,2021-12-29,19343.86
572,Edouard,Finland,2022-03-22,90983.05
573,Fey,Iran,2022-02-02,19694.85
574,Francklyn,Philippines,2021-08-19,91237.09
575,Elias,Cuba,2022-03-15,98032.98
576,Adolf,Latvia,2021-11-08,14784.5
577,Blisse,Ukraine,2022-01-06,48211.84
578,Ker,Uzbekistan,2021-10-08,85786.74
579,Stormi,China,2022-04-15,96143.61
580,Merrile,Indonesia,2021-05-26,46100.59
581,Jakie,Sweden,2021-06-20,36198.08
582,Gilberta,China,2021-12-06,12474.34
583,Alex,Honduras,2022-01-02,31946.62
584,Eudora,Colombia,2021-08-17,68433.85
585,Milton,Philippines,2022-04-28,414.24
586,Manya,Indonesia,2021-05-24,30892.25
587,Horatius,Portugal,2021-11-21,51302.63
588,Web,Indonesia,2022-02-23,89202.06
589,Ingmar,Ukraine,2022-04-28,60627.69
590,Jude,China,2021-07-26,45572.78
591,Jeri,China,2021-12-11,78375.84
592,Claudina,Indonesia,2021-06-20,25385.72
593,Karin,Tunisia,2022-03-16,7069.87
594,Nikolai,Armenia,2022-05-09,82612.31
595,Corinne,Poland,2022-03-20,91273.39
596,Jenny,South Korea,2021-08-04,51143.63
597,Sena,France,2022-01-04,6359.99
598,Doralin,Philippines,2021-11-18,27017.87
599,Niko,Armenia,2021-07-28,64693.94
600,Austine,Malaysia,2021-12-29,1690.08
601,Earle,Turkmenistan,2022-05-01,34810.14
602,Brigit,China,2022-04-30,67444.53
603,Elladine,China,2021-12-14,76172.64
604,Alleen,China,2021-08-10,95928.08
605,Birch,China,2021-08-27,35254.2
606,Quintin,Poland,2021-06-05,11305.02
607,Patricia,Mexico,2021-10-07,73651.23
608,Hollie,Poland,2021-07-17,68493.23
609,Romeo,Finland,2021-10-13,56099.25
610,Hamish,China,2021-10-14,85037.33
611,Valdemar,China,2021-06-09,57738.84
612,Devan,South Korea,2022-04-01,38155.82
613,Boone,France,2021-10-18,5481.52
614,Fiorenze,Indonesia,2021-08-12,91896.08
615,Dara,United States,2021-09-29,8832.66
616,Tadeas,Russia,2021-10-02,54601.82
617,Enid,Indonesia,2021-12-25,52384.71
618,Elita,China,2021-11-26,76876.4
619,Mathilda,Peru,2021-10-03,9631.93
620,Nathaniel,Philippines,2022-02-08,46128.86
621,Gustav,Indonesia,2021-11-11,89719.91
622,Harmony,Brazil,2021-09-09,94129.2
623,Natalina,Vietnam,2021-10-20,99711.97
624,Kaylil,Azerbaijan,2021-08-14,10275.9
625,Edan,Latvia,2022-04-14,90836.99
626,Cassius,Indonesia,2022-04-11,45761.45
627,Vassili,Sweden,2021-06-24,33189.49
628,Thatch,Philippines,2021-12-08,99214.73
629,Gabriello,Belgium,2021-08-20,99714.6
630,Allie,Philippines,2021-12-22,81157.63
631,Patty,Indonesia,2021-09-06,89782.24
632,Nicolle,Ukraine,2022-03-16,85053.0
633,Phyllida,Czech Republic,2021-06-10,9852.0
634,Mella,France,2022-01-28,79057.24
635,Rinaldo,Philippines,2022-05-01,47673.53
636,Arni,Pakistan,2022-03-01,70175.97
637,Krisha,Germany,2021-07-07,6401.29
638,Wolfie,Slovenia,2021-11-14,87999.85
639,Delcina,Indonesia,2022-04-04,38038.42
640,Olva,Indonesia,2022-02-13,14870.54
641,Jessa,Guatemala,2022-01-25,18210.57
642,Bran,Thailand,2021-05-17,61611.38
643,Sharl,Philippines,2021-09-02,10959.61
644,Loutitia,China,2021-11-17,92083.72
645,Ferguson,Philippines,2021-11-14,33769.55
646,Patten,Brazil,2022-03-10,50391.22
647,Alfred,Brazil,2021-09-21,21003.28
648,Chrissie,Japan,2021-07-12,9043.04
649,Joycelin,Russia,2021-11-23,78504.95
650,Kale,China,2021-10-05,61549.46
651,Colin,China,2022-03-31,14456.0
652,Em,China,2022-03-31,32975.16
653,Lila,Bulgaria,2021-06-23,19292.6
654,Barnabe,China,2021-09-29,17125.43
655,Clemmie,United States,2022-01-11,87885.17
656,Constantino,Albania,2021-05-18,75419.25
657,Rustie,China,2022-02-07,11867.1
658,Essie,Indonesia,2021-06-06,21333.68
659,Eadith,Poland,2021-10-29,45229.64
660,Olwen,Yemen,2021-07-04,8460.1
661,Cherey,China,2021-08-14,50984.58
662,Christiana,Belarus,2021-05-21,61755.72
663,Monah,Vietnam,2021-09-28,30533.5
664,Lyssa,Japan,2022-01-23,13607.03
665,Anastasia,Democratic Republic of the Congo,2022-01-22,91576.05
666,Jo,Indonesia,2021-10-08,33517.69
667,Aretha,China,2021-11-10,58625.71
668,Johnnie,Indonesia,2021-08-27,94461.57
669,Ashley,Sweden,2021-10-27,12420.87
670,Rodolfo,Ukraine,2022-04-02,25379.49
671,Suzanne,China,2021-09-17,2766.19
672,Jorge,Indonesia,2021-12-12,73989.88
673,Brooke,China,2021-12-30,89638.75
674,Essa,Sweden,2022-04-27,18139.72
675,Denys,Thailand,2021-07-01,64726.52
676,Noah,China,2022-03-10,15282.48
677,Dolorita,Peru,2022-03-06,56936.53
678,Jessy,Indonesia,2022-04-03,42940.0
679,Rasla,Indonesia,2021-11-29,72833.6
680,Cyndie,United States,2022-03-12,1093.19
681,Keir,Serbia,2021-06-30,22006.56
682,Guthry,China,2022-02-16,93149.59
683,Heywood,China,2021-10-31,49021.59
684,Daven,Portugal,2021-09-02,87409.31
685,Myrna,Ethiopia,2022-02-26,88229.49
686,Noble,Argentina,2021-11-14,18826.22
687,Quentin,China,2021-05-23,31431.63
688,Griffith,Vietnam,2021-10-30,30251.93
689,Lillian,Czech Republic,2021-07-27,94910.11
690,Donia,Indonesia,2022-02-22,83759.87
691,Reuben,Indonesia,2021-06-12,6577.62
692,Scotti,Serbia,2021-12-09,42747.13
693,Pepito,Thailand,2021-05-23,12951.06
694,Gillie,Indonesia,2022-01-06,13328.84
695,Kingsly,Croatia,2022-01-17,34465.46
696,Aldridge,China,2021-07-05,8229.85
697,Latia,Poland,2021-10-15,13089.05
698,Nicoline,Afghanistan,2022-04-07,18520.33
699,Beatriz,Poland,2021-07-17,92328.9
700,Cody,Philippines,2021-09-21,193.0
701,Parker,Afghanistan,2022-02-17,75443.05
702,Esteban,Russia,2022-05-03,5259.16
703,Dmitri,Cameroon,2021-06-06,50698.46
704,Chelsy,Czech Republic,2021-11-29,64778.11
705,Cicely,Mexico,2022-02-21,36266.59
706,Brien,Guyana,2022-04-07,72652.54
707,Irving,Peru,2022-03-08,88441.85
708,Ricky,Tanzania,2021-06-04,13598.36
709,Olenolin,Peru,2022-01-23,60416.59
710,Elissa,Croatia,2021-11-04,90939.77
711,Kori,Colombia,2021-10-12,74854.0
712,Riki,Indonesia,2021-06-13,62311.66
713,Jami,South Korea,2022-02-25,81867.58
714,Bevan,Indonesia,2021-08-30,41355.93
715,Norrie,China,2021-06-07,70755.61
716,Kyle,China,2021-12-18,15673.09
717,Gilligan,Malaysia,2021-08-06,30306.81
718,Melany,Brazil,2022-04-12,86392.27
719,Shaylynn,Nigeria,2022-05-07,874.66
720,Roch,China,2021-10-04,35058.76
721,Kalinda,Sweden,2022-05-12,52928.4
722,Janot,Indonesia,2021-07-30,11648.46
723,Camella,United States,2022-03-08,9443.18
724,Ebony,Indonesia,2021-12-14,55978.87
725,Bank,Philippines,2021-07-03,52417.46
726,Julissa,Cameroon,2022-02-21,24115.73
727,Konrad,Sweden,2022-01-18,43821.48
728,Matti,Philippines,2022-03-24,2857.8
729,Skell,Indonesia,2022-01-04,6497.56
730,Hillie,Poland,2022-03-07,86131.69
731,Danila,Tajikistan,2021-10-20,3869.45
732,Magdaia,Brazil,2021-07-30,92956.72
733,Nathanial,Thailand,2022-05-09,57715.7
734,Jillene,China,2022-01-16,62031.75
735,Siffre,China,2021-06-03,95043.05
736,Timmy,Poland,2022-01-04,19029.05
737,Maddy,Sweden,2022-03-01,51564.19
738,Tremaine,China,2021-10-29,30023.17
739,Sherri,Argentina,2021-11-23,29650.72
740,Adelbert,China,2021-11-02,24024.18
741,Gelya,Azerbaijan,2021-09-11,94487.26
742,Cleo,China,2022-01-18,68130.33
743,Clayborn,Russia,2022-03-21,43548.53
744,Jude,Israel,2021-11-12,68691.12
745,Robina,Czech Republic,2021-06-03,29139.65
746,Fleming,Thailand,2022-03-20,39415.31
747,Salim,Brazil,2021-07-14,15291.89
748,Rolf,Indonesia,2021-08-07,38115.84
749,Rana,France,2021-11-04,39796.52
750,Filia,China,2021-12-28,41561.83
751,Melosa,Philippines,2021-07-28,1694.57
752,Shea,France,2021-05-28,56913.48
753,Norry,Azerbaijan,2021-08-30,33179.75
754,Rhianon,Iran,2021-10-29,52395.06
755,Nell,France,2021-08-04,41873.92
756,Idalia,Thailand,2021-12-16,75514.92
757,Nye,Paraguay,2021-12-11,82386.95
758,Hermy,Germany,2021-10-30,30443.48
759,Lyn,Niger,2021-06-25,95116.83
760,Brandice,Gabon,2022-03-28,89663.74
761,Kleon,Indonesia,2021-11-09,20583.18
762,Andriana,Spain,2021-12-06,19398.51
763,Hussein,United States,2022-03-04,34019.27
764,Theodosia,Indonesia,2021-12-02,77471.29
765,Suzette,China,2021-06-17,78250.5
766,Lynett,Indonesia,2022-04-20,16166.28
767,Mandel,Canada,2022-05-09,11521.32
768,Lilith,China,2022-03-22,32755.15
769,Patin,Russia,2021-07-16,83979.43
770,Barth,Sweden,2021-07-08,75076.15
771,Javier,China,2021-12-31,99545.09
772,Anastasia,Russia,2021-10-03,72611.06
773,Harbert,Afghanistan,2021-10-24,92417.32
774,Lorenzo,Slovenia,2022-02-02,86873.21
775,Betsey,Russia,2021-10-28,98673.61
776,Andris,France,2021-07-08,18225.61
777,Mile,China,2021-10-13,66058.12
778,Ken,China,2021-11-15,81262.01
779,Jaimie,Philippines,2022-01-20,49478.71
780,Hogan,Russia,2021-12-25,13340.6
781,Ezekiel,Finland,2021-06-18,50055.35
782,Gaston,Armenia,2022-04-09,87338.41
783,Honor,China,2022-04-04,28087.14
784,Maitilde,Guatemala,2022-03-02,22484.43
785,Angeli,Brazil,2021-11-07,26596.41
786,Myrah,Indonesia,2021-08-30,9844.02
787,Hillyer,Portugal,2022-01-26,450.16
788,Nial,Indonesia,2022-03-18,14451.34
789,Luke,Ukraine,2022-03-29,89300.51
790,Trudy,China,2022-03-03,2559.9
791,Camile,Bolivia,2021-07-24,97974.29
792,Dex,Bulgaria,2022-03-15,26517.61
793,Nancey,Greece,2021-08-16,69763.64
794,Arron,Brazil,2021-11-17,9860.83
795,Clarey,Russia,2022-01-10,44483.1
796,Carce,Madagascar,2021-07-15,66952.89
797,Jard,Sweden,2021-08-02,94733.44
798,Thelma,Germany,2021-09-19,24871.3
799,Flynn,Russia,2021-12-02,61368.04
800,Walden,China,2021-11-17,59158.67
801,Lilly,China,2021-08-26,65872.53
802,Gabi,Dominican Republic,2021-12-21,20761.66
803,Mariel,China,2022-04-22,76349.16
804,Lurette,China,2021-09-14,12626.11
805,Whitby,China,2022-03-13,36741.45
806,Chanda,Senegal,2021-11-11,82211.48
807,Tally,China,2021-07-27,27126.69
808,Benn,China,2022-03-31,60611.4
809,Lowell,Croatia,2021-08-11,85868.58
810,Lyell,China,2021-09-02,52989.2
811,Chas,South Africa,2022-05-14,87691.77
812,Anna-diane,Canada,2021-06-10,74944.8
813,Fee,Indonesia,2021-08-05,71770.45
814,Catherina,United States,2022-01-08,7895.28
815,Claudian,Nicaragua,2022-03-31,83976.87
816,Sampson,Nicaragua,2022-01-01,50490.38
817,Myrtia,Panama,2021-08-02,80688.63
818,Mara,Philippines,2021-11-25,88418.07
819,Stephi,Peru,2022-03-19,11997.93
820,Dorie,Finland,2022-01-06,32569.69
821,Brittany,China,2021-05-31,26206.8
822,Raimondo,Syria,2021-09-04,47916.11
823,Molli,China,2021-07-30,74076.46
824,Brett,South Africa,2022-03-21,132.11
825,Kenn,Colombia,2021-10-01,48110.5
826,Dario,North Korea,2022-04-14,22098.66
827,Bernita,Paraguay,2021-10-01,44094.34
828,Eda,Philippines,2021-08-27,1579.46
829,Ezechiel,Russia,2022-02-07,11837.2
830,Dacie,Indonesia,2021-08-06,30808.92
831,Delphinia,Ireland,2022-02-24,79299.38
832,Jeannie,Poland,2021-12-25,33376.48
833,Coretta,Greece,2022-02-16,76527.52
834,Dee,Russia,2021-10-22,35411.05
835,Hewett,China,2021-10-24,18513.72
836,Calida,Ukraine,2021-10-22,61963.17
837,Maryl,Azerbaijan,2021-06-16,13733.9
838,Angeline,Philippines,2022-05-06,4539.65
839,Brittni,United States,2022-03-16,94915.61
840,Devin,Indonesia,2022-03-30,12550.47
841,Gabriel,China,2021-06-11,37053.2
842,Michell,Philippines,2021-10-06,63434.02
843,Sayre,Czech Republic,2022-04-14,55671.68
844,Sigismundo,Angola,2022-01-14,59912.79
845,Esther,Denmark,2022-03-18,58241.38
846,Winslow,Honduras,2021-07-11,82815.33
847,Jorie,Russia,2022-01-16,5089.46
848,Leupold,Aland Islands,2021-12-09,36718.31
849,Rhianna,Argentina,2022-01-05,18359.41
850,Delinda,Sweden,2021-11-02,76002.16
851,Sibby,Russia,2021-10-23,21466.99
852,Panchito,China,2021-07-19,43694.72
853,Miles,Albania,2022-04-21,70630.47
854,Maje,Poland,2022-05-10,90401.08
855,Lotti,Russia,2022-03-21,32420.28
856,Blair,Indonesia,2022-02-08,12030.44
857,Natasha,Ukraine,2021-11-19,2388.68
858,Waverly,China,2022-01-18,22568.31
859,Conni,Saudi Arabia,2021-07-29,89712.67
860,Thurstan,Paraguay,2021-09-22,47507.09
861,Reynolds,Uzbekistan,2021-11-20,82779.61
862,Ernst,Russia,2022-01-05,91923.68
863,Templeton,China,2021-09-05,90990.58
864,Deni,Gabon,2022-03-20,87487.43
865,De,Philippines,2021-09-28,89088.65
866,Marcia,Indonesia,2021-10-20,46543.7
867,Susanna,Indonesia,2022-05-10,56835.97
868,Dorian,Poland,2021-10-06,29766.51
869,Rosa,Uruguay,2021-09-17,74351.27
870,Estele,Portugal,2021-10-11,1275.68
871,Costanza,Indonesia,2021-07-12,20275.34
872,Caitrin,Indonesia,2021-08-18,37734.14
873,Clifford,Sweden,2022-04-05,42095.19
874,Chas,Indonesia,2022-02-28,96967.01
875,Dalton,Indonesia,2022-03-21,76487.42
876,Napoleon,Peru,2022-03-12,73484.53
877,Illa,Russia,2021-06-03,94262.44
878,West,France,2022-01-15,86958.8
879,Codie,China,2022-04-10,72338.22
880,Raimund,China,2022-02-11,3659.57
881,Katherine,Brazil,2022-04-29,23170.67
882,Rudie,China,2022-01-22,78951.71
883,Niki,Russia,2021-10-31,1745.3
884,Laryssa,Uganda,2022-02-23,2229.9
885,Evyn,Philippines,2021-12-10,92345.9
886,Teddi,Brazil,2021-07-10,63926.69
887,Vivia,Peru,2021-06-02,52653.51
888,Wat,China,2021-07-20,1030.08
889,Stormy,Syria,2021-12-28,36824.88
890,Luisa,Indonesia,2021-12-28,99463.41
891,Florie,France,2021-12-02,86197.13
892,Lancelot,Russia,2021-12-23,93742.3
893,Nicol,Bulgaria,2021-09-08,83150.91
894,Gordy,Ghana,2021-11-20,23626.62
895,Barris,China,2021-10-20,89386.62
896,Daryl,Finland,2022-03-16,69739.68
897,Bernita,China,2022-05-14,21365.37
898,Dexter,China,2022-04-20,83585.72
899,Jarrid,Thailand,2022-01-09,73527.24
900,Lucilia,China,2021-06-08,34555.46
901,Kristoffer,United States,2022-05-15,36437.68
902,Dory,Russia,2022-02-05,89035.21
903,Susi,China,2022-02-15,25349.03
904,Rozalie,Canada,2021-09-08,48381.98
905,Myrle,Argentina,2021-12-04,12599.95
906,Latisha,Mexico,2021-08-01,63121.14
907,Aleksandr,Myanmar,2021-07-10,78304.64
908,Tades,Russia,2021-05-26,48313.12
909,Rube,Cuba,2022-01-10,40744.61
910,Flo,Czech Republic,2022-05-16,25375.19
911,Joellyn,Russia,2021-12-30,68217.81
912,Jacintha,Iceland,2022-03-25,54325.55
913,Cassie,China,2022-05-08,72302.36
914,Lanna,Argentina,2021-09-20,63648.01
915,Janie,China,2021-12-19,29078.1
916,Mathe,China,2021-06-28,86573.52
917,Celia,Japan,2022-03-13,71019.51
918,Orella,El Salvador,2022-04-12,76734.96
919,Billie,South Africa,2021-07-12,24815.47
920,Othelia,Kenya,2021-11-12,72178.47
921,Gael,Sweden,2021-08-11,54139.18
922,Alwin,Poland,2021-08-09,33737.85
923,Frannie,South Africa,2022-05-07,16552.76
924,Abagail,Israel,2021-12-07,99016.36
925,Jaimie,Trinidad and Tobago,2021-12-28,41786.7
926,Essy,China,2021-08-25,55044.28
927,Ronald,Portugal,2021-10-02,75251.54
928,Niel,Indonesia,2021-11-21,72265.82
929,Andy,France,2021-12-27,57820.94
930,Phillida,Russia,2021-09-23,65885.48
931,Conny,China,2022-02-27,70396.57
932,Jorey,Czech Republic,2022-03-17,4313.49
933,Gennifer,Mexico,2022-01-18,20730.87
934,Winny,Sweden,2022-02-03,33491.43
935,Velma,Philippines,2022-02-01,70090.04
936,Joane,Portugal,2022-01-11,23310.16
937,Angus,Uruguay,2021-09-05,31986.63
938,Dulci,Papua New Guinea,2022-04-01,90654.56
939,Mischa,Russia,2022-02-01,85142.52
940,Bealle,Colombia,2021-11-02,6481.74
941,Salome,Portugal,2022-01-19,86289.41
942,Alta,Thailand,2021-10-08,35566.36
943,Marilee,Indonesia,2021-11-03,93818.77
944,Maitilde,Mexico,2021-08-08,18616.13
945,Marcelo,China,2021-08-16,36137.89
946,Averill,Somalia,2021-12-26,2668.11
947,Allistir,China,2021-11-29,66534.08
948,Tremayne,China,2021-06-18,39782.15
949,Hobart,Russia,2021-06-02,60395.55
950,Pavla,Canada,2021-10-03,25133.19
951,Terese,China,2021-06-28,77813.01
952,Gwenny,China,2021-08-22,5624.33
953,Rozamond,United States,2022-01-02,26838.65
954,Elnar,Ukraine,2021-08-23,51536.0
955,Cati,China,2021-07-24,89921.5
956,Torr,Russia,2022-03-20,23521.04
957,Hagen,Indonesia,2021-06-23,61356.17
958,Robina,Sierra Leone,2022-02-27,60694.86
959,Judas,Ukraine,2021-08-04,44380.65
960,Christiano,Syria,2022-04-01,91317.16
961,Evy,Ukraine,2021-06-14,48767.08
962,Verena,Democratic Republic of the Congo,2022-01-14,75252.31
963,Jerald,Germany,2021-07-31,31483.85
964,Amie,China,2021-06-09,67027.02
965,Maressa,China,2022-02-18,67792.57
966,Denys,Venezuela,2021-11-12,15622.3
967,Ashley,Brazil,2022-01-09,83030.89
968,Trefor,China,2021-08-27,18405.95
969,Leanna,China,2022-01-26,42981.08
970,Brynna,China,2022-05-05,75422.21
971,Ikey,Thailand,2022-04-07,28380.09
972,Leanora,Indonesia,2022-01-12,71462.94
973,Jodi,Croatia,2022-04-19,93057.12
974,Max,United States,2021-09-02,1128.01
975,Charmion,Indonesia,2021-08-04,45835.16
976,Alia,Norway,2021-06-15,13512.5
977,Chanda,Argentina,2021-07-29,31252.58
978,Coraline,Sweden,2022-02-21,89450.27
979,Owen,China,2022-05-05,11336.03
980,Elane,Poland,2021-05-18,68021.31
981,Cleve,China,2021-10-04,73735.82
982,Ford,Tanzania,2021-11-20,25219.11
983,Eduard,Poland,2021-12-12,24061.09
984,Raphael,Portugal,2021-07-15,14590.93
985,Vernen,Lithuania,2021-10-28,99742.29
986,Jake,Brazil,2021-05-27,22382.44
987,Chiarra,France,2022-03-30,33205.59
988,Yetty,China,2021-08-15,43308.24
989,Mela,China,2022-02-05,22549.59
990,Isidore,Canada,2021-09-20,51716.77
991,Matty,Sweden,2021-09-25,10422.69
992,Daryle,Brazil,2021-12-24,72637.11
993,Vikki,Croatia,2021-07-22,39054.42
994,Stesha,China,2021-09-11,82455.12
995,Garrik,Serbia,2022-01-19,54832.69
996,Nehemiah,Indonesia,2021-10-21,39714.32
997,Coriss,Germany,2022-04-18,25242.7
998,Codee,Kyrgyzstan,2022-04-05,13715.68
999,Edin,Philippines,2022-04-06,83109.31
1000,Park,Peru,2022-03-03,34140.0
